,model,accuracy,precision,recall,f1score,specificity
0,logit,0.7552066818940969,0.738633116707209,0.7032634712628199,0.7206867448399732,0.7533208534711591
0,randomforest,0.7574022353351182,0.7425222260813584,0.7083954378816186,0.7239456920082117,0.7533058493935803
0,xgboost,0.7598682322910245,0.7348740155155875,0.7345155419277346,0.733514624524353,0.7594164316027846
